step,winner,D1,D2,gpi_mass,gpi_mean,gpi_std,gpi_n,gate_relief
0,D2,0.4542919,0.4552366,23.7524,0.8598,0.0002,25,0.4299
5,D2,0.4683533,0.4695191,23.9821,0.8689,0.0002,25,0.4246
10,D2,0.481357,0.4828108,24.1817,0.8767,0.0002,25,0.4197
15,D2,0.4869273,0.4897527,24.2427,0.8791,0.0002,25,0.4182
20,D2,0.4883142,0.4980543,24.1993,0.8774,0.0002,25,0.4192
999,D2,0.4891567,0.5078923,23.4489,0.8479,0.0003,25,0.437
