step,winner,D1,D2
0,D2,0.4542919,0.4552366
5,D2,0.4683533,0.4695191
10,D2,0.481357,0.4828108
15,D2,0.4869273,0.4897527
20,D2,0.4883142,0.4980543
999,D2,0.4891567,0.5078923
