step,winner,D1,D2
0,D1,0.4984405,0.4979502
1,D2,0.4992207,0.4992911
2,D2,0.4985285,0.5007408
3,D2,0.4946298,0.5049917
4,D2,0.4629231,0.5368936
5,D2,0.4554874,0.5444894
5,D2,0.4999032,0.5000968
6,D2,0.4997629,0.5002371
7,D2,0.4997209,0.5002791
8,D2,0.4996016,0.5003984
9,D2,0.4994523,0.5005477
10,D1,0.5006017,0.4993983
10,D1,0.5001155,0.4998845
11,D1,0.5002608,0.4997392
12,D1,0.5005243,0.4994757
13,D1,0.5013784,0.4986216
14,D1,0.5053646,0.4946354
15,D1,0.5104473,0.4895527
