step,winner,D1,D2,gpi_mass,gpi_mean,gpi_std,gpi_n,gate_relief,commit
0,D1,0.4887992,0.486262,24.2383,0.879,0.0003,25,0.4183,0
5,D1,0.4937825,0.491243,24.2138,0.878,0.0003,25,0.4189,0
10,D1,0.4980335,0.4943127,24.0156,0.8702,0.0004,25,0.4236,0
15,D1,0.4994767,0.4959276,23.7497,0.8597,0.0003,25,0.43,0
20,D1,0.5281471,0.4689412,23.4398,0.8475,0.0003,25,0.4374,0
999,D1,0.5641183,0.4354062,21.7838,0.783,0.0004,25,0.4772,0
