step,winner,D1,D2
0,D1,0.4887992,0.486262
5,D1,0.4937825,0.491243
10,D1,0.4980335,0.4943127
15,D1,0.4994767,0.4959276
20,D1,0.5281471,0.4689412
999,D1,0.5641183,0.4354062
