step,winner,D1,D2,gpi_mass,gpi_mean,gpi_std,gpi_n,gate_relief
0,D1,0.4421612,0.4410844,23.5747,0.8528,0.0003,25,0.25
5,D1,0.4665214,0.4652304,23.9247,0.8666,0.0003,25,0.25
10,D1,0.4828121,0.4803807,24.1714,0.8763,0.0003,25,0.25
15,D1,0.4935548,0.4843443,24.2414,0.8791,0.0003,25,0.25
20,D1,0.5022791,0.4856406,24.169,0.8762,0.0003,25,0.25
999,D1,0.5764928,0.4214807,23.1646,0.8368,0.0002,25,0.25
