step,winner,D1,D2
0,D1,0.4421612,0.4410844
5,D1,0.4665214,0.4652304
10,D1,0.4828121,0.4803807
15,D1,0.4935548,0.4843443
20,D1,0.5022791,0.4856406
999,D1,0.5764928,0.4214807
