step,winner,D1,D2
0,D2,0.4971792,0.498225
1,D2,0.4987091,0.4996116
2,D1,0.4999715,0.4994148
3,D1,0.5017417,0.4980217
4,D2,0.4664804,0.533432
5,D2,0.4955555,0.5044367
5,D2,0.4996034,0.5003966
6,D2,0.4992686,0.5007314
7,D2,0.4990277,0.5009723
8,D2,0.4981511,0.5018489
9,D2,0.496688,0.503312
10,D2,0.4962942,0.5037058
10,D1,0.5015685,0.4984315
11,D1,0.5018317,0.4981683
12,D1,0.5024947,0.4975053
13,D1,0.502947,0.497053
14,D2,0.4997137,0.5002863
15,D2,0.4960467,0.5039533
