step,winner,D1,D2,gpi_mass,gpi_mean,gpi_std,gpi_n,gate_relief,commit
0,D1,0.4985696,0.4979167,23.5633,0.8524,0.0003,25,0.4345,0
5,D1,0.499549,0.4990962,22.7882,0.8221,0.0003,25,0.4528,0
10,D2,0.499464,0.5000275,21.8388,0.7851,0.0003,25,0.4759,0
15,D2,0.4986782,0.5011283,20.8772,0.748,0.0003,25,0.4989,0
20,D1,0.5395429,0.4603845,20.0244,0.7152,0.0004,25,0.5194,0
999,D1,0.5236028,0.4763912,18.8269,0.6696,0.0004,25,0.5482,0
