step,winner,D1,D2
0,D1,0.4985696,0.4979167
5,D1,0.499549,0.4990962
10,D2,0.499464,0.5000275
15,D2,0.4986782,0.5011283
20,D1,0.5395429,0.4603845
999,D1,0.5236028,0.4763912
