step,winner,D1,D2
0,D2,0.4963557,0.499347
1,D2,0.4975032,0.5008838
2,D2,0.4983111,0.5010148
3,D2,0.4979306,0.5018198
4,D1,0.5038515,0.4960509
5,D1,0.5063107,0.4936824
5,D1,0.5013331,0.4986669
6,D1,0.5014216,0.4985784
7,D1,0.5013902,0.4986098
8,D1,0.5018154,0.4981846
9,D1,0.5027464,0.4972536
10,D2,0.4974523,0.5025477
10,D2,0.4984064,0.5015936
11,D2,0.4985964,0.5014036
12,D2,0.4985285,0.5014715
13,D2,0.4984363,0.5015637
14,D1,0.5001777,0.4998223
15,D1,0.5050526,0.4949474
