step,winner,D1,D2,gpi_mass,gpi_mean,gpi_std,gpi_n,gate_relief,commit
0,D1,0.4526331,0.451905,23.7175,0.8585,0.0002,25,0.4308,0
5,D1,0.4707239,0.4703963,24.0102,0.87,0.0003,25,0.4239,0
10,D1,0.4831966,0.4823855,24.192,0.8771,0.0002,25,0.4194,0
15,D1,0.4927984,0.4870827,24.2443,0.8792,0.0003,25,0.4181,0
20,D1,0.4980334,0.4906704,24.1525,0.8756,0.0002,25,0.4203,0
999,D2,0.419658,0.5783954,23.118,0.8349,0.0003,25,0.4452,0
