step,winner,D1,D2
0,D1,0.4526331,0.451905
5,D1,0.4707239,0.4703963
10,D1,0.4831966,0.4823855
15,D1,0.4927984,0.4870827
20,D1,0.4980334,0.4906704
999,D2,0.419658,0.5783954
