step,time,winner,delta_dominance,relief
18,7.5499999999998835,D2,0.044696164478232936,0.5304200462380185
