run_id,value_mag,step,time,winner,delta_dominance,relief
1,0.25,18,5.649999999999924,D1,0.04078189096942464,0.47559047345149674
2,0.5,0,5.649999999999924,D1,0.04078189096942464,0.47559047345149674
3,0.75,0,5.649999999999924,D1,0.04078189096942464,0.47559047345149674
4,1.0,0,5.649999999999924,D1,0.04078189096942464,0.47559047345149674
