run_id,sustain_steps,value_mag,trial,step,time,winner,delta_dominance,relief
1,2,0.75,1,19,7.329999999999888,D1,0.04558004622898204,0.525435907170853
4,2,0.75,4,26,30.730000000002004,D2,0.04840589345306212,0.4925718256987778
28,6,0.75,4,28,210.32999999995369,D2,0.04887099481457441,0.49764846706616683
