run_id,value_mag,step,time,winner,delta_dominance,relief
2,0.5,0,9.649999999999839,D2,0.06462314287463916,0.5475495565928179
3,0.75,0,9.649999999999839,D2,0.06462314287463916,0.5475495565928179
4,1.0,0,9.649999999999839,D2,0.06462314287463916,0.5475495565928179
